{"Ticker": "BMI", "MAE": 14.821494102478027, "RMSE": 17.567790985107422, "Sharpe Ratio": 12692.41796875, "Directional Accuracy": 100.0, "IC": 0.8107330606314985}