{"Ticker": "APLD", "MAE": 1.0423333644866943, "RMSE": 1.2699187994003296, "Sharpe Ratio": 4.054141521453857, "Directional Accuracy": 100.0, "IC": 0.9051341633974394}