{"Ticker": "OS", "MAE": 3.8273539543151855, "RMSE": 4.184160232543945, "Sharpe Ratio": 75.49869537353516, "Directional Accuracy": 100.0, "IC": 0.5560433610661538}