{"Ticker": "BTDR", "MAE": 1.0310348272323608, "RMSE": 1.1839635372161865, "Sharpe Ratio": 10.747492790222168, "Directional Accuracy": 100.0, "IC": 0.6991748746160307}