{"Ticker": "PAGS", "MAE": 0.7710093259811401, "RMSE": 0.9575395584106445, "Sharpe Ratio": 5.331984519958496, "Directional Accuracy": 100.0, "IC": 0.8961894538486386}