{"Ticker": "TXN", "MAE": 9.981770515441895, "RMSE": 11.811657905578613, "Sharpe Ratio": 61238.94140625, "Directional Accuracy": 100.0, "IC": 0.5654927724419078}