{"Ticker": "UIS", "MAE": 0.9165592789649963, "RMSE": 1.0299828052520752, "Sharpe Ratio": 7.235645771026611, "Directional Accuracy": 100.0, "IC": 0.7369835296674233}