{"Ticker": "AAPL", "MAE": 5.878774642944336, "RMSE": 7.763421535491943, "Sharpe Ratio": 47641.5390625, "Directional Accuracy": 100.0, "IC": 0.6891357422370262}