{"Ticker": "NEON", "MAE": 1.196324110031128, "RMSE": 1.6095809936523438, "Sharpe Ratio": 3.086015224456787, "Directional Accuracy": 100.0, "IC": 0.8300886633547598}