{"Ticker": "SQ", "MAE": 7.397014141082764, "RMSE": 8.019421577453613, "Sharpe Ratio": 33.22671890258789, "Directional Accuracy": 100.0, "IC": 0.7321502467077561}