{"Ticker": "SEDG", "MAE": 3.3195602893829346, "RMSE": 3.8641231060028076, "Sharpe Ratio": 18.45841407775879, "Directional Accuracy": 100.0, "IC": 0.701042517856764}