{"Ticker": "MU", "MAE": 9.637873649597168, "RMSE": 11.948027610778809, "Sharpe Ratio": 121.93074035644531, "Directional Accuracy": 100.0, "IC": 0.6469419340661514}