{"Ticker": "RELL", "MAE": 2.0370137691497803, "RMSE": 2.1328437328338623, "Sharpe Ratio": 42.629947662353516, "Directional Accuracy": 100.0, "IC": 0.820712151145857}