{"Ticker": "AVGO", "MAE": 11.178304672241211, "RMSE": 14.699039459228516, "Sharpe Ratio": 31232.12109375, "Directional Accuracy": 100.0, "IC": 0.677021134107052}