{"Ticker": "VSAT", "MAE": 2.306750774383545, "RMSE": 2.8634450435638428, "Sharpe Ratio": 7.28127384185791, "Directional Accuracy": 100.0, "IC": 0.7365948217927937}