{"Ticker": "HPE", "MAE": 1.8315757513046265, "RMSE": 2.1202073097229004, "Sharpe Ratio": 44.616336822509766, "Directional Accuracy": 100.0, "IC": 0.7050062011298287}