{"Ticker": "GEN", "MAE": 2.7562856674194336, "RMSE": 2.8926541805267334, "Sharpe Ratio": 92.0041732788086, "Directional Accuracy": 100.0, "IC": 0.7537459384086216}