{"Ticker": "IBM", "MAE": 16.196510314941406, "RMSE": 19.684919357299805, "Sharpe Ratio": 36233.28125, "Directional Accuracy": 100.0, "IC": 0.88532590574261}