{"Ticker": "PLTR", "MAE": 4.552422523498535, "RMSE": 5.421636581420898, "Sharpe Ratio": 9.50214672088623, "Directional Accuracy": 100.0, "IC": 0.849194484708429}