{"Ticker": "PLUS", "MAE": 5.899012088775635, "RMSE": 7.757790565490723, "Sharpe Ratio": 39655.38671875, "Directional Accuracy": 100.0, "IC": 0.48394517959376804}