{"Ticker": "QCOM", "MAE": 12.01791000366211, "RMSE": 12.899664878845215, "Sharpe Ratio": 18258.701171875, "Directional Accuracy": 100.0, "IC": 0.28645030232186686}