{"Ticker": "SOUN", "MAE": 1.1278700828552246, "RMSE": 1.1754775047302246, "Sharpe Ratio": 1163.6619873046875, "Directional Accuracy": 100.0, "IC": 0.627825735705215}