{"Ticker": "DELL", "MAE": 13.292813301086426, "RMSE": 15.676899909973145, "Sharpe Ratio": 64.0014877319336, "Directional Accuracy": 100.0, "IC": 0.7299713690376778}