{"Ticker": "AAOI", "MAE": 2.1267659664154053, "RMSE": 2.513339042663574, "Sharpe Ratio": 4.4815754890441895, "Directional Accuracy": 100.0, "IC": 0.8741558813705376}