{"Ticker": "SNPS", "MAE": 86.21988677978516, "RMSE": 89.19422912597656, "Sharpe Ratio": 98431.59375, "Directional Accuracy": 100.0, "IC": -0.5598446689081082}