{"Ticker": "BAND", "MAE": 2.2326600551605225, "RMSE": 2.4275851249694824, "Sharpe Ratio": 2425.309326171875, "Directional Accuracy": 100.0, "IC": 0.7324084580912301}