{"Ticker": "KOSS", "MAE": 1.3902217149734497, "RMSE": 1.4908157587051392, "Sharpe Ratio": 36.415016174316406, "Directional Accuracy": 100.0, "IC": 0.6393972511817121}