{"Ticker": "RAMP", "MAE": 2.961915969848633, "RMSE": 3.167846918106079, "Sharpe Ratio": 2687.68115234375, "Directional Accuracy": 100.0, "IC": 0.5025434924035608}