{"Ticker": "KLAC", "MAE": 3.5391476154327393, "RMSE": 4.06123685836792, "Sharpe Ratio": 45.643306732177734, "Directional Accuracy": 100.0, "IC": 0.38113597372052765}