{"Ticker": "DOCU", "MAE": 5.43407678604126, "RMSE": 6.555749893188477, "Sharpe Ratio": 18.709285736083984, "Directional Accuracy": 100.0, "IC": 0.8499129464291186}