{"Ticker": "ACN", "MAE": 14.69198989868164, "RMSE": 17.47990608215332, "Sharpe Ratio": 59992.921875, "Directional Accuracy": 100.0, "IC": 0.8913320567626305}