{"Ticker": "BMBL", "MAE": 1.4448421001434326, "RMSE": 1.5289626121520996, "Sharpe Ratio": 116.94500732421875, "Directional Accuracy": 100.0, "IC": 0.915618664840157}