{"Ticker": "PSFE", "MAE": 2.7658567428588867, "RMSE": 2.849184036254883, "Sharpe Ratio": 51.16218185424805, "Directional Accuracy": 100.0, "IC": 0.8461487200520866}