{"Ticker": "MRVL", "MAE": 6.8873419761657715, "RMSE": 8.261275291442871, "Sharpe Ratio": 89.1139907836914, "Directional Accuracy": 100.0, "IC": 0.6931727327495153}