{"Ticker": "WDC", "MAE": 7.68221378326416, "RMSE": 8.290436744689941, "Sharpe Ratio": 52650.06640625, "Directional Accuracy": 100.0, "IC": 0.6385010195846922}