{"Ticker": "LRCX", "MAE": 5.738038063049316, "RMSE": 6.713991641998291, "Sharpe Ratio": 3874.68017578125, "Directional Accuracy": 100.0, "IC": 0.6246128244458296}