{"Ticker": "SMTC", "MAE": 5.023934364318848, "RMSE": 5.686625957489014, "Sharpe Ratio": 8.606613159179688, "Directional Accuracy": 100.0, "IC": 0.8093008646368692}