{"Ticker": "TTD", "MAE": 8.81247615814209, "RMSE": 11.243680953979492, "Sharpe Ratio": 133.0261688232422, "Directional Accuracy": 100.0, "IC": 0.8419666533873365}