{"Ticker": "ARRY", "MAE": 1.0942174196243286, "RMSE": 1.1809247732162476, "Sharpe Ratio": 19.693513870239258, "Directional Accuracy": 100.0, "IC": 0.5814276383984953}