{"Ticker": "AMD", "MAE": 7.146707057952881, "RMSE": 9.289236068725586, "Sharpe Ratio": 44.372257232666016, "Directional Accuracy": 100.0, "IC": 0.7393902191031595}