{"Ticker": "CORZ", "MAE": 1.305204153060913, "RMSE": 1.4952268600463867, "Sharpe Ratio": 11.533101081848145, "Directional Accuracy": 100.0, "IC": 0.8620285475028867}