{"Ticker": "FICO", "MAE": 1503.72802734375, "RMSE": 1509.5809326171875, "Sharpe Ratio": 471861.6875, "Directional Accuracy": 100.0, "IC": -0.8952584055624774}