{"Ticker": "SMCI", "MAE": 5.9474310874938965, "RMSE": 7.136465549468994, "Sharpe Ratio": 14.179574012756348, "Directional Accuracy": 100.0, "IC": 0.7666738581598969}