{"Ticker": "ALAB", "MAE": 7.982753276824951, "RMSE": 8.64897632598877, "Sharpe Ratio": 8.390841484069824, "Directional Accuracy": 100.0, "IC": 0.8172383085143655}