{"Ticker": "HUBS", "MAE": 172.7455596923828, "RMSE": 175.1490478515625, "Sharpe Ratio": 166866.0625, "Directional Accuracy": 100.0, "IC": 0.6197395951648217}