{"Ticker": "FORM", "MAE": 4.237479209899902, "RMSE": 4.879246711730957, "Sharpe Ratio": 5148.02734375, "Directional Accuracy": 100.0, "IC": 0.6826165561664214}