{"Ticker": "NXT", "MAE": 5.005333423614502, "RMSE": 5.4730682373046875, "Sharpe Ratio": 36.22706604003906, "Directional Accuracy": 100.0, "IC": 0.7021873668885301}