{"Ticker": "PANW", "MAE": 15.266863822937012, "RMSE": 19.2622127532959, "Sharpe Ratio": 111803.3203125, "Directional Accuracy": 100.0, "IC": -0.04571311661860167}