{"Average MAE": 1.9501387566579291, "Average RMSE": 2.424824287074004, "Average Sharpe Ratio": 31.056106251557168, "Average Directional Accuracy": 78.0, "Average IC": 0.8570477446025873}