{"Average MAE": 7.19312286376953, "Average RMSE": 8.43286895751953, "Average Sharpe Ratio": 2.8984375, "Average Directional Accuracy": 80.0, "Average IC": 0.6428910097665518}