{"Ticker": "ZS", "MAE": 12.627996444702148, "RMSE": 14.937618255615234, "Sharpe Ratio": 46732.390625, "Directional Accuracy": 100.0, "IC": 0.7197516053548846}