{"Ticker": "APP", "MAE": 13.134012222290039, "RMSE": 15.745991706848145, "Sharpe Ratio": 4.967367649078369, "Directional Accuracy": 100.0, "IC": 0.8877835820230404}