{"Ticker": "ANET", "MAE": 55.17706298828125, "RMSE": 62.511627197265625, "Sharpe Ratio": 70907.0703125, "Directional Accuracy": 100.0, "IC": 0.8514596847990697}