{"Ticker": "OLED", "MAE": 15.176228523254395, "RMSE": 20.24383544921875, "Sharpe Ratio": 1043.275634765625, "Directional Accuracy": 100.0, "IC": 0.8354115224263637}