{"Ticker": "COHR", "MAE": 11.602731704711914, "RMSE": 13.540702819824219, "Sharpe Ratio": 10.596552848815918, "Directional Accuracy": 100.0, "IC": 0.8670288590297358}