{"Ticker": "BKSY", "MAE": 0.9156578183174133, "RMSE": 1.125563621520996, "Sharpe Ratio": 5.5115766525268555, "Directional Accuracy": 100.0, "IC": 0.8799426657902784}