{"Ticker": "ADI", "MAE": 9.50919246673584, "RMSE": 12.16951847076416, "Sharpe Ratio": 9223.12890625, "Directional Accuracy": 100.0, "IC": 0.5595958020404607}