{"Ticker": "NCNO", "MAE": 1.5826860666275024, "RMSE": 2.011841058731079, "Sharpe Ratio": 10.287895202636719, "Directional Accuracy": 100.0, "IC": 0.8733803801276343}