{"Ticker": "RUM", "MAE": 0.49633511900901794, "RMSE": 0.5742195248603821, "Sharpe Ratio": 12.844111442565918, "Directional Accuracy": 100.0, "IC": 0.7845466025642773}