{"Ticker": "WDAY", "MAE": 10.812016487121582, "RMSE": 14.177207946777344, "Sharpe Ratio": 18223.61328125, "Directional Accuracy": 100.0, "IC": 0.24976236129184942}