{"Ticker": "ONTO", "MAE": 16.24407386779785, "RMSE": 21.090444564819336, "Sharpe Ratio": 64748.10546875, "Directional Accuracy": 100.0, "IC": 0.5487897565104448}