{"Ticker": "OKTA", "MAE": 12.805039405822754, "RMSE": 14.024836540222168, "Sharpe Ratio": 127.58552551269531, "Directional Accuracy": 100.0, "IC": 0.09694920516992639}