{"Ticker": "CRWD", "MAE": 22.160306930541992, "RMSE": 27.128347396850586, "Sharpe Ratio": 7178.927734375, "Directional Accuracy": 100.0, "IC": 0.872846305178042}