{"Ticker": "NOW", "MAE": 581.8150024414062, "RMSE": 584.0650024414062, "Sharpe Ratio": 60245.87109375, "Directional Accuracy": 100.0, "IC": 0.7275572631307081}