{"Ticker": "TEL", "MAE": 12.097074508666992, "RMSE": 12.441781997680664, "Sharpe Ratio": 44060.359375, "Directional Accuracy": 100.0, "IC": 0.4207496159357043}