{"Ticker": "AGYS", "MAE": 11.259132385253906, "RMSE": 12.090913772583008, "Sharpe Ratio": 40264.79296875, "Directional Accuracy": 100.0, "IC": 0.3527530949446586}