{"Ticker": "FIS", "MAE": 4.7801618576049805, "RMSE": 5.523116588592529, "Sharpe Ratio": 26.624011993408203, "Directional Accuracy": 100.0, "IC": 0.7988127994391501}