{"Ticker": "PI", "MAE": 25.296934127807617, "RMSE": 29.654356002807617, "Sharpe Ratio": 42.985084533691406, "Directional Accuracy": 100.0, "IC": 0.8036479892980437}