{"Ticker": "ADSK", "MAE": 14.24068832397461, "RMSE": 16.990713119506836, "Sharpe Ratio": 13439.9560546875, "Directional Accuracy": 100.0, "IC": 0.9252297534045513}