{"Ticker": "ATOM", "MAE": 0.1382841169834137, "RMSE": 0.1846715211868286, "Sharpe Ratio": 7.710596084594727, "Directional Accuracy": 100.0, "IC": 0.9076028647646663}