{"Ticker": "CSIQ", "MAE": 1.0065659284591675, "RMSE": 1.1761568784713745, "Sharpe Ratio": 23.321876525878906, "Directional Accuracy": 100.0, "IC": 0.6704600043890452}