{"Ticker": "HPQ", "MAE": 3.940286874771118, "RMSE": 4.175400733947754, "Sharpe Ratio": 9789.2177734375, "Directional Accuracy": 100.0, "IC": 0.8247234821495378}