{"Ticker": "AEHR", "MAE": 1.7527447938919067, "RMSE": 1.964373230934143, "Sharpe Ratio": 12.195258140563965, "Directional Accuracy": 100.0, "IC": 0.7432309365359863}