{"Ticker": "INTU", "MAE": 257.7371520996094, "RMSE": 258.31201171875, "Sharpe Ratio": 149030.28125, "Directional Accuracy": 100.0, "IC": -0.65871057210288}