{"Ticker": "TWLO", "MAE": 2.7772364616394043, "RMSE": 3.3452231884002686, "Sharpe Ratio": 13.691850662231445, "Directional Accuracy": 100.0, "IC": 0.8820521427025106}