{"Ticker": "BILL", "MAE": 2.460693359375, "RMSE": 3.0831167697906494, "Sharpe Ratio": 29.435497283935547, "Directional Accuracy": 100.0, "IC": 0.7233878998950604}