{"Ticker": "CRSR", "MAE": 0.3614862263202667, "RMSE": 0.452545166015625, "Sharpe Ratio": 854.6436157226562, "Directional Accuracy": 100.0, "IC": 0.567431560951045}