{"Ticker": "WDAY", "MAE": 19.184738159179688, "RMSE": 23.458189010620117, "Sharpe Ratio": 20273.509765625, "Directional Accuracy": 100.0, "IC": 0.654180785493575}