{"Ticker": "ADP", "MAE": 14.7711763381958, "RMSE": 18.092527389526367, "Sharpe Ratio": 59841.5, "Directional Accuracy": 100.0, "IC": 0.6595200490746709}