{"Ticker": "CAMT", "MAE": 3.940670967102051, "RMSE": 5.118898868560791, "Sharpe Ratio": 15.689173698425293, "Directional Accuracy": 100.0, "IC": 0.7974477051785198}