{"Ticker": "APH", "MAE": 5.989912033081055, "RMSE": 6.542351722717285, "Sharpe Ratio": 708.4425659179688, "Directional Accuracy": 100.0, "IC": 0.768696760406547}