{"Ticker": "DMRC", "MAE": 4.088688373565674, "RMSE": 4.453453540802002, "Sharpe Ratio": 68786.765625, "Directional Accuracy": 100.0, "IC": -0.27387117043786857}