{"Ticker": "KN", "MAE": 1.4493887424468994, "RMSE": 1.5244284868240356, "Sharpe Ratio": 27166.36328125, "Directional Accuracy": 100.0, "IC": 0.6422034787236875}