{"Ticker": "ACMR", "MAE": 2.0824050903320312, "RMSE": 2.3133981227874756, "Sharpe Ratio": 19.291786193847656, "Directional Accuracy": 100.0, "IC": 0.7252234873011406}