{"Ticker": "RELY", "MAE": 2.044599771499634, "RMSE": 2.122225761413574, "Sharpe Ratio": 432.3511962890625, "Directional Accuracy": 100.0, "IC": 0.6499142737936309}