{"Ticker": "UI", "MAE": 26.156784057617188, "RMSE": 30.028459548950195, "Sharpe Ratio": 9374.517578125, "Directional Accuracy": 100.0, "IC": 0.9323894018443464}