{"Ticker": "PD", "MAE": 1.223591685295105, "RMSE": 1.3684464693069458, "Sharpe Ratio": 461.45941162109375, "Directional Accuracy": 100.0, "IC": 0.7438179493750172}