{"Ticker": "RUN", "MAE": 2.121981143951416, "RMSE": 2.4540302753448486, "Sharpe Ratio": 15.338225364685059, "Directional Accuracy": 100.0, "IC": 0.818915694115732}