{"Ticker": "ON", "MAE": 6.275862693786621, "RMSE": 6.8430962562561035, "Sharpe Ratio": 65316.84375, "Directional Accuracy": 100.0, "IC": -0.2152928037704954}