{"Ticker": "AI", "MAE": 2.938345193862915, "RMSE": 3.1637535095214844, "Sharpe Ratio": 48.21200942993164, "Directional Accuracy": 100.0, "IC": 0.6041052264511361}