{"Ticker": "ESTC", "MAE": 9.148624420166016, "RMSE": 10.384857177734375, "Sharpe Ratio": 10.69276237487793, "Directional Accuracy": 100.0, "IC": 0.971566002147812}