{"Ticker": "NTNX", "MAE": 5.984318733215332, "RMSE": 6.620527267456055, "Sharpe Ratio": 19.035602569580078, "Directional Accuracy": 100.0, "IC": 0.8939533642088551}