{"Ticker": "HEAR", "MAE": 0.8489473462104797, "RMSE": 1.1392784118652344, "Sharpe Ratio": 12.99427318572998, "Directional Accuracy": 100.0, "IC": 0.6311930750277177}