{"Ticker": "TOST", "MAE": 2.9323158264160156, "RMSE": 3.2269651889801025, "Sharpe Ratio": 25.218523025512695, "Directional Accuracy": 100.0, "IC": 0.9103109829496487}