{"Ticker": "DDOG", "MAE": 8.06396770477295, "RMSE": 9.332422256469727, "Sharpe Ratio": 766.683349609375, "Directional Accuracy": 100.0, "IC": 0.8794663910499274}