{"Ticker": "TDY", "MAE": 86.58649444580078, "RMSE": 88.28340148925781, "Sharpe Ratio": 194369.296875, "Directional Accuracy": 100.0, "IC": -0.08969347327364223}