{"Ticker": "AIP", "MAE": 0.5530446767807007, "RMSE": 0.6135933995246887, "Sharpe Ratio": 343.87841796875, "Directional Accuracy": 100.0, "IC": 0.604788065747961}