{"Ticker": "AFRM", "MAE": 4.635368347167969, "RMSE": 5.285442352294922, "Sharpe Ratio": 6.180911064147949, "Directional Accuracy": 100.0, "IC": 0.9259355651909342}