{"Ticker": "DOX", "MAE": 9.534592628479004, "RMSE": 9.688833236694336, "Sharpe Ratio": 83.29913330078125, "Directional Accuracy": 100.0, "IC": 0.7405818325227681}