{"Ticker": "SNOW", "MAE": 9.391595840454102, "RMSE": 10.410035133361816, "Sharpe Ratio": 21853.388671875, "Directional Accuracy": 100.0, "IC": 0.6356649887654022}