{"Ticker": "PAYO", "MAE": 0.863688051700592, "RMSE": 1.0123348236083984, "Sharpe Ratio": 14.997719764709473, "Directional Accuracy": 100.0, "IC": 0.6428921420391688}