{"Ticker": "ORCL", "MAE": 6.0638203620910645, "RMSE": 8.222917556762695, "Sharpe Ratio": 10.958571434020996, "Directional Accuracy": 100.0, "IC": 0.9333747571333533}