{"Ticker": "PGY", "MAE": 0.7601658701896667, "RMSE": 0.927855908870697, "Sharpe Ratio": 18.050939559936523, "Directional Accuracy": 100.0, "IC": 0.7254292369401985}