{"Ticker": "ADBE", "MAE": 184.1483917236328, "RMSE": 186.69212341308594, "Sharpe Ratio": 62373.375, "Directional Accuracy": 100.0, "IC": -0.7676758535992204}