{"Ticker": "KD", "MAE": 4.139948844909668, "RMSE": 4.20552396774292, "Sharpe Ratio": 7996.349609375, "Directional Accuracy": 100.0, "IC": 0.6274327729733524}