{"Ticker": "INOD", "MAE": 1.451019525527954, "RMSE": 1.7065752744674683, "Sharpe Ratio": 9.42691421508789, "Directional Accuracy": 100.0, "IC": 0.8068250941304552}