{"Ticker": "INSG", "MAE": 2.320823907852173, "RMSE": 2.9905245304107666, "Sharpe Ratio": 5.4040141105651855, "Directional Accuracy": 100.0, "IC": 0.8131207588710231}