{"Ticker": "INTC", "MAE": 4.155205726623535, "RMSE": 4.37391996383667, "Sharpe Ratio": 77.63069915771484, "Directional Accuracy": 100.0, "IC": 0.38853169983184105}