{"Ticker": "ENPH", "MAE": 9.100546836853027, "RMSE": 11.728859901428223, "Sharpe Ratio": 18.469724655151367, "Directional Accuracy": 100.0, "IC": 0.7607636924543784}