{"Ticker": "ZM", "MAE": 7.706527233123779, "RMSE": 9.005213737487793, "Sharpe Ratio": 79.97325134277344, "Directional Accuracy": 100.0, "IC": 0.9199822609983529}