{"Ticker": "BL", "MAE": 4.588104724884033, "RMSE": 5.116424083709717, "Sharpe Ratio": 30.88512420654297, "Directional Accuracy": 100.0, "IC": 0.8467859149367502}