{"Ticker": "LYFT", "MAE": 1.258652687072754, "RMSE": 1.4322257041931152, "Sharpe Ratio": 12.535301208496094, "Directional Accuracy": 100.0, "IC": 0.8119506613837354}