{"Ticker": "S", "MAE": 2.8066556453704834, "RMSE": 3.1099183559417725, "Sharpe Ratio": 45.25547409057617, "Directional Accuracy": 100.0, "IC": 0.6956034782608538}