{"Ticker": "STNE", "MAE": 1.089180588722229, "RMSE": 1.3197604417800903, "Sharpe Ratio": 9.225998878479004, "Directional Accuracy": 100.0, "IC": 0.8331986259359244}