{"Ticker": "FLEX", "MAE": 2.5089313983917236, "RMSE": 2.840373992919922, "Sharpe Ratio": 21.887792587280273, "Directional Accuracy": 100.0, "IC": 0.7767653114672122}