{"Ticker": "OUST", "MAE": 0.8592029213905334, "RMSE": 1.1638263463974, "Sharpe Ratio": 5.112802505493164, "Directional Accuracy": 100.0, "IC": 0.7289171114146765}