{"Ticker": "WOLF", "MAE": 1.8413517475128174, "RMSE": 2.5667099952697754, "Sharpe Ratio": 4.642965316772461, "Directional Accuracy": 100.0, "IC": 0.7166341872608882}