{"Ticker": "QXO", "MAE": 1.5030308961868286, "RMSE": 1.8236563205718994, "Sharpe Ratio": 25.727155685424805, "Directional Accuracy": 100.0, "IC": 0.8515432436226212}