{"Ticker": "MSFT", "MAE": 85.35733032226562, "RMSE": 85.94451904296875, "Sharpe Ratio": 37686.8125, "Directional Accuracy": 100.0, "IC": 0.5400385933591052}