{"Ticker": "KPLT", "MAE": 1.6542091369628906, "RMSE": 2.294978380203247, "Sharpe Ratio": 12.037941932678223, "Directional Accuracy": 100.0, "IC": 0.722180005030982}