{"Ticker": "PD", "MAE": 1.4819554090499878, "RMSE": 1.6322989463806152, "Sharpe Ratio": 3346.886474609375, "Directional Accuracy": 100.0, "IC": 0.8273793367869782}