{"Ticker": "PATH", "MAE": 1.5211082696914673, "RMSE": 1.5892034769058228, "Sharpe Ratio": 126.14078521728516, "Directional Accuracy": 100.0, "IC": 0.7694706304615041}