{"Ticker": "GCT", "MAE": 4.256723403930664, "RMSE": 5.056379795074463, "Sharpe Ratio": 32.684410095214844, "Directional Accuracy": 100.0, "IC": 0.37773476309013065}