{"Ticker": "KEYS", "MAE": 4.835904598236084, "RMSE": 7.36624813079834, "Sharpe Ratio": 14.795903205871582, "Directional Accuracy": 100.0, "IC": 0.7717012822476056}