{"Ticker": "UBER", "MAE": 5.805027484893799, "RMSE": 7.049182891845703, "Sharpe Ratio": 52.693965911865234, "Directional Accuracy": 100.0, "IC": 0.6418970291790637}