{"Ticker": "U", "MAE": 2.078531503677368, "RMSE": 2.5301826000213623, "Sharpe Ratio": 10.722062110900879, "Directional Accuracy": 100.0, "IC": 0.8292841430419735}