{"Ticker": "WK", "MAE": 7.988868236541748, "RMSE": 8.517905235290527, "Sharpe Ratio": 47170.02734375, "Directional Accuracy": 100.0, "IC": 0.5968393910531062}