{"Ticker": "MEI", "MAE": 1.3929288387298584, "RMSE": 1.5317343473434448, "Sharpe Ratio": 59.58209991455078, "Directional Accuracy": 100.0, "IC": 0.39495312530231785}