{"Ticker": "PAR", "MAE": 3.4174578189849854, "RMSE": 4.311736583709717, "Sharpe Ratio": 793.3621826171875, "Directional Accuracy": 100.0, "IC": 0.6488104234091484}