{"Ticker": "AMAT", "MAE": 14.313216209411621, "RMSE": 16.773630142211914, "Sharpe Ratio": 125169.8359375, "Directional Accuracy": 100.0, "IC": 0.12048070870667693}