{"Ticker": "BASE", "MAE": 1.5376136302947998, "RMSE": 1.824422001838684, "Sharpe Ratio": 23.22098731994629, "Directional Accuracy": 100.0, "IC": 0.6524508568213462}