{"Ticker": "TASK", "MAE": 1.7982947826385498, "RMSE": 1.8862552642822266, "Sharpe Ratio": 20.511316299438477, "Directional Accuracy": 100.0, "IC": 0.8255355341917756}