{"Ticker": "ARQQ", "MAE": 1.2489769458770752, "RMSE": 1.4144721031188965, "Sharpe Ratio": 6.144924163818359, "Directional Accuracy": 100.0, "IC": 0.8812275208021858}