{"Ticker": "ASTS", "MAE": 2.0672152042388916, "RMSE": 2.4985854625701904, "Sharpe Ratio": 11.081636428833008, "Directional Accuracy": 100.0, "IC": 0.8779978709044806}