{"Ticker": "MAXN", "MAE": 2.8606956005096436, "RMSE": 3.338123083114624, "Sharpe Ratio": 3.757683515548706, "Directional Accuracy": 100.0, "IC": 0.6459376022523101}