{"Ticker": "FSLR", "MAE": 14.765433311462402, "RMSE": 17.927568435668945, "Sharpe Ratio": 43280.5078125, "Directional Accuracy": 100.0, "IC": -0.5467035024566754}