{"Ticker": "CDNS", "MAE": 20.06536865234375, "RMSE": 22.646392822265625, "Sharpe Ratio": 43725.8671875, "Directional Accuracy": 100.0, "IC": 0.34877458907544673}