{"Ticker": "NVMI", "MAE": 18.156808853149414, "RMSE": 21.429412841796875, "Sharpe Ratio": 17164.185546875, "Directional Accuracy": 100.0, "IC": 0.7080175695439348}