{"Ticker": "AMKR", "MAE": 3.9923932552337646, "RMSE": 4.270140647888184, "Sharpe Ratio": 436.0071105957031, "Directional Accuracy": 100.0, "IC": 0.7079172828680813}