{"Ticker": "NTAP", "MAE": 4.941644668579102, "RMSE": 5.741925239562988, "Sharpe Ratio": 7198.62255859375, "Directional Accuracy": 100.0, "IC": 0.8392201564588763}