{"Ticker": "CSCO", "MAE": 2.740274667739868, "RMSE": 3.3499114513397217, "Sharpe Ratio": 17.212331771850586, "Directional Accuracy": 100.0, "IC": 0.8233446710430821}