{"Ticker": "MSTR", "MAE": 22.424142837524414, "RMSE": 30.053667068481445, "Sharpe Ratio": 13.377699851989746, "Directional Accuracy": 100.0, "IC": 0.8355638256151012}