{"Ticker": "ODD", "MAE": 4.159942150115967, "RMSE": 4.719503879547119, "Sharpe Ratio": 1308.123291015625, "Directional Accuracy": 100.0, "IC": 0.7456507457359757}