{"Ticker": "FOUR", "MAE": 9.135214805603027, "RMSE": 12.186616897583008, "Sharpe Ratio": 121.0595932006836, "Directional Accuracy": 100.0, "IC": 0.5421690699244666}